{
  "name": "nodeweaver",
  "flags": {
    "0": {
      "outline": [
        [
          0.306452,
          0.446774
        ],
        [
          0.301399,
          0.414876
        ],
        [
          0.295043,
          0.402401
        ],
        [
          0.339872,
          0.357573
        ],
        [
          0.292427,
          0.310128
        ],
        [
          0.247599,
          0.354957
        ],
        [
          0.235124,
          0.348601
        ],
        [
          0.203226,
          0.343548
        ],
        [
          0.171327,
          0.348601
        ],
        [
          0.142551,
          0.363263
        ],
        [
          0.119714,
          0.3861
        ],
        [
          0.105052,
          0.414876
        ],
        [
          0.1,
          0.446774
        ],
        [
          0.105052,
          0.478673
        ],
        [
          0.119714,
          0.507449
        ],
        [
          0.142551,
          0.530286
        ],
        [
          0.171327,
          0.544948
        ],
        [
          0.203226,
          0.55
        ],
        [
          0.235124,
          0.544948
        ],
        [
          0.2639,
          0.530286
        ],
        [
          0.286737,
          0.507449
        ],
        [
          0.301399,
          0.478673
        ]
      ]
    },
    "1": {
      "outline": [
        [
          0.301399,
          -0.178673
        ],
        [
          0.286737,
          -0.207449
        ],
        [
          0.2639,
          -0.230286
        ],
        [
          0.235124,
          -0.244948
        ],
        [
          0.203226,
          -0.25
        ],
        [
          0.171327,
          -0.244948
        ],
        [
          0.142551,
          -0.230286
        ],
        [
          0.119714,
          -0.207449
        ],
        [
          0.105052,
          -0.178673
        ],
        [
          0.1,
          -0.146774
        ],
        [
          0.105052,
          -0.114876
        ],
        [
          0.119714,
          -0.0860996
        ],
        [
          0.142551,
          -0.0632627
        ],
        [
          0.171327,
          -0.0486006
        ],
        [
          0.203226,
          -0.0435484
        ],
        [
          0.235124,
          -0.0486006
        ],
        [
          0.247599,
          -0.0549567
        ],
        [
          0.374709,
          0.0721536
        ],
        [
          0.422154,
          0.024709
        ],
        [
          0.295043,
          -0.102401
        ],
        [
          0.301399,
          -0.114876
        ],
        [
          0.306452,
          -0.146774
        ]
      ]
    },
    "2": {
      "outline": [
        [
          0.713263,
          -0.207449
        ],
        [
          0.698601,
          -0.178673
        ],
        [
          0.693548,
          -0.146774
        ],
        [
          0.698601,
          -0.114876
        ],
        [
          0.704957,
          -0.102401
        ],
        [
          0.577846,
          0.024709
        ],
        [
          0.625291,
          0.0721536
        ],
        [
          0.752401,
          -0.0549567
        ],
        [
          0.764876,
          -0.0486006
        ],
        [
          0.796774,
          -0.0435484
        ],
        [
          0.828673,
          -0.0486006
        ],
        [
          0.857449,
          -0.0632627
        ],
        [
          0.880286,
          -0.0860996
        ],
        [
          0.894948,
          -0.114876
        ],
        [
          0.9,
          -0.146774
        ],
        [
          0.894948,
          -0.178673
        ],
        [
          0.880286,
          -0.207449
        ],
        [
          0.857449,
          -0.230286
        ],
        [
          0.828673,
          -0.244948
        ],
        [
          0.796774,
          -0.25
        ],
        [
          0.764876,
          -0.244948
        ],
        [
          0.7361,
          -0.230286
        ]
      ]
    },
    "3": {
      "outline": [
        [
          0.698601,
          0.414876
        ],
        [
          0.693548,
          0.446774
        ],
        [
          0.698601,
          0.478673
        ],
        [
          0.713263,
          0.507449
        ],
        [
          0.7361,
          0.530286
        ],
        [
          0.764876,
          0.544948
        ],
        [
          0.796774,
          0.55
        ],
        [
          0.828673,
          0.544948
        ],
        [
          0.857449,
          0.530286
        ],
        [
          0.880286,
          0.507449
        ],
        [
          0.894948,
          0.478673
        ],
        [
          0.9,
          0.446774
        ],
        [
          0.894948,
          0.414876
        ],
        [
          0.880286,
          0.3861
        ],
        [
          0.857449,
          0.363263
        ],
        [
          0.828673,
          0.348601
        ],
        [
          0.796774,
          0.343548
        ],
        [
          0.764876,
          0.348601
        ],
        [
          0.752401,
          0.354957
        ],
        [
          0.707573,
          0.310128
        ],
        [
          0.660128,
          0.357573
        ],
        [
          0.704957,
          0.402401
        ]
      ]
    }
  },