{
  "name": "twohoneycomb",
  "flags": {
    "0": {
      "outline": [
        [
          0.371262,
          0.611284
        ],
        [
          0.371262,
          0.518388
        ],
        [
          0.232107,
          0.438094
        ],
        [
          0.232284,
          0.263507
        ],
        [
          0.35651,
          0.191624
        ],
        [
          0.35651,
          0.0986629
        ],
        [
          0.15187,
          0.217078
        ],
        [
          0.151599,
          0.484535
        ]
      ]
    },
    "1": {
      "outline": [
        [
          0.616401,
          0.484859
        ],
        [
          0.616787,
          0.292446
        ],
        [
          0.536326,
          0.292446
        ],
        [
          0.536033,
          0.438416
        ],
        [
          0.398082,
          0.518284
        ],
        [
          0.398082,
          0.611258
        ]
      ]
    },
    "2": {
      "outline": [
        [
          0.463678,
          0.00546691
        ],
        [
          0.463967,
          -0.138765
        ],
        [
          0.601381,
          -0.218248
        ],
        [
          0.601381,
          -0.3112
        ],
        [
          0.383599,
          -0.18523
        ],
        [
          0.383216,
          0.00546691
        ]
      ]
    },
    "3": {
      "outline": [
        [
          0.64349,
          0.200967
        ],
        [
          0.84813,
          0.082552
        ],
        [
          0.848401,
          -0.184905
        ],
        [
          0.628202,
          -0.312551
        ],
        [
          0.628202,
          -0.219548
        ],
        [
          0.767893,
          -0.138572
        ],
        [
          0.767716,
          0.0361225
        ],
        [
          0.64349,
          0.108006
        ]
      ]
    }
  },
  "outline": [
    [
      0.875238,
      -0.200349
    ],
    [
      0.614895,
      -0.35
    ],
    [
      0.35681,
      -0.200718
    ],
    [
      0.356271,
      0.0678146
    ],
    [
      0.125065,
      0.201601
    ],
    [
      0.124762,
      0.500015
    ],
    [
      0.384694,
      0.65
    ],
    [
      0.643191,
      0.500341
    ],
    [
      0.64373,
      0.231815
    ],
    [
      0.874935,
      0.0980285
    ]
  ],
  "inputs": [
    [
      0.277,
      0.687,
      90.0
    ],
    [
      0.313,
      0.708,
      90.0
    ],
    [
      0.349,
      0.729,
      90.0
    ],
    [
      0.385,
      0.75,
      90.0
    ],
    [
      0.42725,
      0.7255,
      90.0
    ],
    [
      0.4695,
      0.701,
      90.0
    ],
    [
      0.51175,
      0.6765,
      90.0
    ],
    [
      0.554,
      0.652,
      90.0
    ],
    [
      0.59625,
      0.6275,
      90.0
    ],
    [
      0.6385,
      0.603,
      90.0
    ],
    [
      0.68075,
      0.5785,
      90.0
    ],
    [
      0.723,
      0.554,
      90.0
    ]
  ],
  "outputs": [
    [
      0.277,
      -0.254,
      270.0
    ],
    [
      0.31925,
      -0.2785,
      270.0
    ],
    [
      0.3615,
      -0.303,
      270.0
    ],
    [
      0.40375,
      -0.3275,
      270.0
    ],
    [
      0.446,
      -0.352,
      270.0
    ],
    [
      0.48825,
      -0.3765,
      270.0
    ],
    [
      0.5305,
      -0.401,
      270.0
    ],
    [
      0.57275,
      -0.4255,
      270.0
    ],
    [
      0.615,
      -0.45,
      270.0
    ],
    [
      0.651,
      -0.429,
      270.0
    ],
    [
      0.687,
      -0.408,
      270.0
    ],
    [
      0.723,
      -0.387,
      270.0
    ]
  ],
  "icon": [
    [
      0.38,
      0.03
    ],
    [
      0.62,
      0.27
    ]
  ]
}